Filename,Index,Pattern name,Found string,Length
samples/sample1.doc,0x00007040,IPv4 address,'12.34.56.78',11
samples/sample1.doc,0x000034CB,URL (http/https/ftp),"'http://schemas.openxmlf...g/drawingml/2006/main""'",54
samples/sample1.doc,0x0000704C,URL (http/https/ftp),'http://www.ccserver.com\x00',24
samples/sample1.doc,0x00007064,e-mail address,'target@acme.com',15
samples/sample1.doc,0x00006C00,EXE MZ headers,'MZ',2
samples/sample1.doc,0x00006CC8,EXE PE headers,'PE',2
samples/sample1.doc,0x00006C00,EXE MZ followed by PE,"""MZ\x90\x00\x03\x00\x00\...\x00\x00\x00PE\x00\x00""",204
samples/sample1.doc,0x00006C4E,EXE PE DOS message,'This program cannot be run in DOS mode',38
samples/sample1.doc,0x00006FD8,Executable filename,'KERNEL32.dll',12
samples/sample1.doc,0x00006FF4,Executable filename,'USER32.dll',10
samples/sample1.doc,0x00007030,Executable filename,'ADVAPI32.dll',12
samples/sample1.doc,0x00007057,Executable filename,'ccserver.com',12
samples/sample1.doc,0x0000706B,Executable filename,'acme.com',8
samples/sample1.doc,0x00007074,Executable filename,'payload.dll',11
samples/sample1.doc,0x00006DC0,EXE: section name,'.text',5
samples/sample1.doc,0x00006E10,EXE: section name,'.data',5
samples/sample1.doc,0x00006DE8,EXE: section name,'.rdata',6
samples/sample1.doc,0x00006FBA,EXE: interesting Win32 function names,'IsDebuggerPresent',17
samples/sample1.doc,0x00007010,EXE: interesting Win32 function names,'RegSetValue',11
samples/sample1.doc,0x000070F7,Interesting registry keys,'CurrentVersion\\Run',18
samples/sample1.doc,0x00000000,Possible OLE2 header (e.g. MS Office documents),'\xd0\xcf\x11\xe0\xa1\xb1\x1a\xe1',8
